id,viewCount,likeCount,dislikeCount,favoriteCount,commentCount
IZliv4xo67c,0,2,0,0,0
Gty0tPoESxc,192,9,0,0,1
96niOlwgosg,72,7,1,0,0
kFRAm2f2YS4,143,6,0,0,0
imDMLZZVACs,239,9,0,0,0
JRt_YIAYL1g,317,11,0,0,0
snyzIXkZMbY,164,3,0,0,0
-TkVVs2zlsY,234,13,0,0,0
6MfVY3NJH1E,274,12,1,0,6
_6JsEhMMyao,369,22,1,0,0
rD6TfqD0Y4A,259,11,0,0,1
Qs1m94AmqZM,342,18,0,0,0
0Ve54pZest8,323,18,1,0,2
QYYxoosP9u4,658,33,0,0,5
0ttBrNZ4akg,353,30,0,0,2
EwLZW7HTlb4,474,14,0,0,3
s6oIxMjCmlQ,448,13,0,0,0
VXKgEvZecX8,485,32,0,0,2
4iTLel_-46w,228,8,0,0,3
v1k5tyg-u40,152,12,0,0,3
r-mS-chnxJw,193,10,0,0,0
Jt9NUEySBx0,454,12,0,0,2
NXz_Y-DACaQ,479,7,0,0,0
rzzXYeoEm1I,324,7,0,0,0
2HNp8TBxXtk,491,14,0,0,1
lzlOVbeth1g,454,17,0,0,0
b3ICiZlGXdc,426,14,0,0,4
yspwVnChwOQ,654,22,0,0,2
ae_JpNzrATU,2447,31,0,0,3
TdReXOj88j4,881,7,0,0,1
Ae7Ql0eKu64,2058,14,0,0,4
hVkucvXz1dc,427,6,0,0,0
R-QOTvvI6Iw,781,14,0,0,3
Ue1WZM6VNiA,646,14,0,0,0
tMQXJnv8SAg,4889,48,5,0,8
KLDTS8gwBXo,12505,63,7,0,3
kko-GoSJxNQ,3996,33,3,0,4
ETybic7Z4Yw,1718,14,0,0,0
CfhfzkmYOMM,2818,61,1,0,1
U2k3_wXAWZs,1057,22,1,0,3
ZfID7BiL-Go,1336,11,0,0,0
bNr_W6Rh9eI,1592,15,0,0,1
2rF4BlQaJ1Y,2619,21,1,0,4
NfpqGtHBVeE,1330,15,0,0,0
vVH_-Jp0Yb0,3352,23,1,0,0
3YmQGs3lC18,1263,23,1,0,1
N7VsSnZQEPE,10974,41,2,0,4
H1Yfg6WTOek,2441,7,1,0,0
EDuzZb0_lAM,1609,7,0,0,4
7_XQNpLGh1A,2850,23,2,0,0
acsNzez2Un0,5263,27,0,0,2
L0JTo2n2aHE,2219,14,0,0,0
ke7u9Lkylls,3845,28,0,0,1
7gBXtZEJIq0,4380,34,2,0,3
daTA1qBI_Jw,1855,17,0,0,0
Aczryp_vm6s,2294,38,0,0,4
PSqvjPyeoxg,1353,16,0,0,0
LS39oJtK1GU,2602,24,0,0,3
oXYZA4btTdc,2272,22,2,0,2
YBPakMhx5Qo,1487,14,0,0,0
fD_QMlJz9u4,4459,34,5,0,2
1kg565G4rZg,4447,41,1,0,2
7wBeXw4hIEg,6112,98,3,0,12
FHKMcoWk150,424,7,0,0,0
2EsaQPJzoeo,1362,27,1,0,0
NNvnbc7Of2U,13795,166,20,0,19
cfbgN7tAla0,307,6,0,0,0
ENO0mr97NVw,541,9,1,0,1
pVEFutXgplc,1056,14,0,0,1
DMEB-OnKW5A,1492,30,0,0,1
1-v8LfELriU,2100,20,1,0,1
jjjgsu49Tyo,3199,27,0,0,7
aIB94_aTPAI,11196,71,13,0,14
n_Psknyd288,622,7,0,0,0
NgfFwRM0QuY,3377,45,0,0,8
VEY99t_dTvg,202,0,1,0,9
p-2I-fra7og,143,1,0,0,5
rATHtWg816U,890,6,0,0,0
VoR9wHHMbqE,503,5,1,0,1
4R3eLkgr_Mo,808,8,0,0,0
1d1IX91xcJo,642,12,0,0,0
2rn0KiAKMZg,1001,9,2,0,1
DIhnaOfbDz0,1739,18,1,0,1
Qv_hDaSAttk,6429,102,3,0,13
GlzA1aekBmg,1134,16,1,0,8
FB5oDSWRefU,1281,18,0,0,0
fzZBpgm22PI,7968,69,2,0,4
0T8iHwGu1p4,2146,14,3,0,1
fHdXQYNQnlE,4587,35,1,0,5
MKDNmW_ckjE,13165,99,5,0,3
hX6llK2mA3c,2616,18,0,0,0
dbswHd0Yu8Q,445,5,0,0,1
KAN-gEEBGsQ,718,7,1,0,0
9EGIrFrATnU,3004,22,3,0,5
A-5mlhqnduA,4288,32,2,0,2
mHAbIjVntS8,12054,103,3,0,3
ctZ4VWsSkuM,802,9,0,0,1
Fp8HpRnKkPc,1145,6,8,0,3
tiMdXkxGqaI,1700,15,0,0,3
KuH7_5_uQJM,3274,22,1,0,0
04hhpia3TdQ,8443,51,6,0,1
ttkxy1bMkgQ,20974,130,11,0,7
QGMYzKSe5KY,2082,18,3,0,0
fYPh7XmJ894,4671,34,3,0,2
V_rE5My3PqY,3107,31,2,0,1
nnjAiI2Hjvg,910,20,0,0,1
XtUWn357rGA,3523,63,4,0,3
VTAAA9a1low,9750,123,11,0,9
qEMpCnPKORA,12899,67,4,0,4
T5BgTr37y2A,51224,261,93,0,18
EkOeacOfnX4,15738,104,5,0,11
7hcxmVU7t74,3579,22,11,0,1
R59m9SfuO3M,4545,28,6,0,8
W0Gan9b1Fi8,5874,69,5,0,3
jn6GpD2cDxs,2500,19,1,0,1
FgqJpbKoS_Q,3796,15,2,0,4
YHDrDFYpkTk,8016,22,4,0,2
augm1FR5bP8,14114,65,7,0,5
SuPsBOel0sM,11349,61,3,0,12
r_UsEl4ixL4,19826,95,10,0,22
sPGSc9ohysk,28,0,0,0,0
It2UECFVbao,3,0,0,0,0
w_JMdrdyL10,16,0,0,0,0
pHNwFloNIrY,3324,18,0,0,2
trdvwF0Pso8,3369,9,1,0,1
zZrD8JIvYxo,3121,18,0,0,2
9XGUCcPqwCA,5761,34,2,0,2
h31F5Up3S6U,42,2,0,0,0
sCcOZfHGKu8,2094,5,0,0,3
k6MREnf7iXI,1853,6,0,0,0
zir7Q07N6rY,1964,6,0,0,3
pdgpKH9HIWc,2094,5,0,0,0
ud0Iy5LcFrs,2205,5,1,0,2
cD5XTynvpdI,2382,9,0,0,1
Mxync3hJ8G4,2630,14,0,0,0
C_QRQCFWfkQ,4456,28,3,0,0
SYchneftWPw,25862,122,9,0,13
x29KA819cCc,58748,346,38,0,23
7gyNzH5DztQ,2777,11,0,0,0
PjmpIvAdaaA,2031,10,1,0,0
Pb3Og30aQX8,1681,6,0,0,0
T0SYp7TdDms,1178,7,0,0,0
JdPN6SZJNdo,2817,5,0,0,2
9Ogm_9E6qiI,1352,6,0,0,0
WnJeNpReTgA,2414,6,2,0,0
UCv-c9AOau4,1165,6,0,0,0
6TMx3j_Wv-o,1246,5,0,0,0
UWWV38VihYM,2090,13,1,0,1
o0mh6Mz-wOY,2510,8,2,0,0
mXNH5kbSTZw,1646,11,0,0,0
Xs96hgUj-Cc,2798,17,0,0,1
hgH-0SSRlWk,2460,9,0,0,1
Ak0M4r_snkQ,2923,11,0,0,0
59ViAtKOe90,68753,313,19,0,21
Gm5uJU5A1fA,1753,8,3,0,1
1zFCpUFhGRc,1597,11,0,0,0
hC594Bm7l18,1975,6,2,0,0
zpLN1uNV81I,29800,149,87,0,16
90X8D0gW5t8,2232,13,1,0,0
um9ccaaa220,1430,2,0,0,0
N2fJ6WPI5xI,1263,3,1,0,2
4LsmLpztTMg,1395,4,1,0,0
He7_gKjw5go,10188,22,2,0,2
Gbc0PGwT_nY,8080,32,3,0,1
CspxxGyikRU,9677,30,1,0,2
jjY2tQmd94E,13365,37,4,0,4
RtUkNDFowO4,13341,32,5,0,2
2PkxgrKkzzI,104231,248,125,0,34
sRUubDmulFg,4277,29,0,0,0
7BQhpkI_hJ8,1231,14,0,0,0
iGbdFWAEFTQ,1821,2,0,0,0
cZIZstVW3RY,1552,1,1,0,1
fh7XCrp39Mc,1405,4,0,0,0
gK6Ecj3vaZA,1733,9,0,0,0
AYy_InSfjic,1073,1,0,0,0
5-dVGqG4mp8,1756,4,0,0,0
NkkO-hZpmBA,2163,7,0,0,0
TUqcdTkbkvM,2334,16,1,0,1
Gv-ry11jhNo,10755,47,7,0,1
AZVqj2Vb5Ms,7723,45,8,0,3
AaFDclzDr3o,9392,57,7,0,13
e5zacYV6gDc,14295,76,19,0,14
b_5LK57O0xY,5641,83,5,0,7
NbVWYmC2x7I,4496,31,1,0,3
AgjOjJs3TXE,1443,17,1,0,0
SRa8MkpxUjs,1791,11,0,0,0
RlhvZ-90PmI,3640,20,0,0,1
tVreUxYjPQs,38465,130,9,0,8
J_gNWxRG2JI,23722,189,7,0,4
ynBoxNhFlkc,100375,425,33,0,37
-MuMSIew1Oo,77342,415,23,0,14
FUdihyhQfOs,136488,772,75,0,22
kpXY9l8EAE4,728,1,0,0,0
HU7_ViBZ354,446,0,0,0,0
uWHyyMLvYbo,441,0,0,0,0
AUXlTdMTL1c,586,1,0,0,2
2R2OBvRE0pQ,55365,155,66,0,15
1P5wCsA3bR0,9875,53,3,0,8
gKhqRckm5Jk,13480,123,0,0,3
fQW_d41kvU4,54615,376,36,0,10
Z-n0dC6GbKM,1451,2,1,0,0
tAVL4z4mlfY,3311,0,5,0,0
iDaC4LUuzhw,1318,2,0,0,0
dMaeiTfJG3g,1224,0,0,0,0
FBcmr2i_cwM,1335,0,0,0,0
KDYvH8LwpTA,21237,64,5,0,0
HorqAygclGM,16942,114,28,0,20
KTBYjBrp5Hw,14334,116,6,0,11
kgokKiPXSQc,33993,68,21,0,10
sPzKcWnPlSI,5765,21,3,0,0
TvWX0Zg0LyI,78043,238,44,0,28
dA970vIjYcs,4048,49,3,0,5
EkQPmqkvacM,53647,202,49,0,7
3eKZwokAwtw,4410,29,0,0,2
_YVyheaWL5k,5477,33,2,0,6
FZPLvakVHyI,9943,67,7,0,0
oQ6R91J727o,4599,36,1,0,3
xTyiXD12sko,31116,132,28,0,16
04VTlQ37C08,76076,279,37,0,15
m8-MPxS06qc,146240,615,68,0,30
T8Ixh12QHQA,1633,6,1,0,2
1KqLvtBk6hQ,3817,12,0,0,1
eCq2LT5y7vU,3795,20,2,0,2
EjAMPByf4ZI,6056,22,4,0,1
6L59Wie11Go,40820,92,23,0,5
-D4vlF-QuBA,37049,141,14,0,13
Jog61C0SNdM,16141,50,17,0,1
6OMotQo7aEE,38877,275,57,0,23
LD_QeH_EWnw,9337,43,7,0,1
uFBxJV7qEsE,2932,18,2,0,3
Ygr6ypSmsQw,1234,6,0,0,0
nnj6AI4rEwg,1924,4,0,0,0
nVuNwomqfGc,3511,10,3,0,0
3auRcyU4TxU,1255,14,1,0,0
j_G5XMJ6qnM,14913,91,13,0,5
gbZ3b0bKOZk,1416,7,0,0,1
Je-wsYL5Fwk,12885,65,16,0,2
nSAYn9LyL6o,15486,106,17,0,10
YCG4Bm0DvO0,1007,2,0,0,0
YnlZNLzdXWE,1049,1,0,0,0
hO3T-koqT5U,10866,32,10,0,1
kQJa81-COhw,25607,77,18,0,2
I7Wjp2zgx0w,47520,180,35,0,6
5hhHwzviS3w,4341,17,1,0,1
RaR2g-h-WoI,128907,1447,71,0,85
qYS0fZqMoH0,37650,145,37,0,17
RTxq30I_DTs,2002,20,1,0,0
xqk754wgGtA,6809,19,20,0,8
EzWUV7CKbow,9132,18,6,0,3
crLk_38PZ9U,6197,26,13,0,3
fBCUEXNouNw,49042,175,84,0,24
pJejOwbSukY,37907,102,53,0,9
Rqc64bYR82g,87536,289,110,0,25
9WLraOYNcnU,32117,137,28,0,6
oiHHZTAOjBs,50719,190,28,0,7
MMxcN5y5gFw,32735,126,15,0,9
pLp5QrD9DzM,15922,73,8,0,9
8g-GTNjXSds,22290,156,15,0,16
F88lDfpDq1U,21137,148,9,0,17
tw3e0pn9Ezc,47406,234,59,0,49
MHsYwA6tiKA,59601,274,45,0,51
-2WTs-eD6JE,85798,445,106,0,75
JXegiEZ-Qn8,107791,618,69,0,40
klOWp2SYycc,67940,190,28,0,8
cgX55MEnrmU,61399,171,92,0,20
3EKndPO8Pxs,41399,110,26,0,9
sjtF8YKqsjM,31068,106,10,0,7
91cZjbkEi1g,139444,654,93,0,29
qKtqobWu2z4,19280,94,67,0,13
pI8tEVemM4Q,19676,76,8,0,8
htxzrziU6fo,20434,74,23,0,6
ShfIfCQGEHU,45571,218,37,0,15
7XIHmslyM74,49400,333,38,0,22
Czs-MX_lQvo,10925,64,6,0,0
e530I2a7URc,12982,49,4,0,6
A-vzX4w1T3c,29785,78,16,0,6
u9NdlZvf0O8,58463,116,38,0,24
ePj1prmEYrY,56950,346,39,0,14
C9i7ZVHJZJE,130885,559,139,0,31
iH6PQnfcd8o,76048,183,123,0,8
x_XDSFicS3A,16092,95,3,0,10
zUN82YoZ3DA,20762,117,8,0,5
5vfj_EfwfyI,61436,308,34,0,21
4uj7L4SBKNw,14206,66,5,0,6
R_rgbk8RkzE,13522,62,5,0,7
nLvucJjcFg4,26430,201,7,0,11
9rIE4gEVepA,17746,108,4,0,2
GhJtSO5obxA,93420,477,33,0,22
tnN2IO4P9ps,1045,7,0,0,0
RgOOR1PqY9c,1302,13,0,0,0
dwtBa07rzX0,2102,12,0,0,0
72xMCaF5nds,8848,78,6,0,7
Z854tgFh4g8,8723,54,3,0,3
lsCKfRbcmjE,29816,179,35,0,2
lZhAI3yH1Dc,71883,338,25,0,26
sAgvk5FKSlY,8688,106,2,0,8
tir6gulRTwY,10247,105,15,0,19
4jIzd5yNIGI,41094,282,30,0,16
41PnFu6ARQc,26802,122,10,0,8
gcCbvvK8JDo,50942,178,15,0,17
pT5gOwSCSbE,30775,107,12,0,12
1YFnUqSeVo0,177150,315,202,0,61
Y3qFr3BXT9w,57859,306,17,0,19
QSJ2gVtaN70,105431,461,61,0,32
tdspLQUXMJ0,24333,150,31,0,14
SdM1fFe1LJw,18110,232,8,0,13
gIx516DLljI,40656,252,46,0,18
cEnxM1U_ErE,42574,289,28,0,25
arTOwykW158,8384,42,2,0,2
fyIIGNMGDMs,3632,12,1,0,0
nyE3W5GxBPs,6809,20,4,0,4
T53fWyIpY7w,5503,26,3,0,1
yKkOmTP_yK8,3846,9,1,0,1
_NznBOBEPeg,1383,6,0,0,0
kGfNImdNzbg,24294,40,10,0,5
8LDogFiCyqc,6207,12,2,0,1
WmYEjXzrQUA,15323,81,11,0,12
WqNReRxxW2M,14200,92,10,0,10
iNSDx_-40Hc,9101,96,5,0,6
dhhmhSAOEug,46621,196,38,0,27
NjHyiEZRhxI,15525,124,12,0,13
xMVVFJpQXVs,28592,83,32,0,22
XnKBetUM5xE,14913,71,7,0,4
LfcVTichhiI,53445,157,50,0,24
6_fuOxaJKps,92439,372,33,0,21
KbMAqi2tOJU,23311,123,10,0,11
TZ15zNvojMU,2094,6,1,0,3
eezfOl25A6c,442,4,0,0,0
rho9Zwmne8c,2531,13,1,0,0
oodcHt_OfQk,6872,20,2,0,1
Lr6MADE211U,2875,18,2,0,1
J_6bUVW26ro,57402,252,15,0,20
9igaYRl94uk,11299,91,3,0,10
ZMjm5qR9o00,25135,137,5,0,13
yUnrzqaxhxA,115758,439,58,0,12
ebVl4AiHqqA,15658,66,5,0,13
n5HxR--OzoM,22653,95,15,0,5
yBv3fb_vlkk,5235,36,0,0,2
pnfCX0ZVYic,147938,782,145,0,61
CfCu6SmoWCU,6245,44,1,0,0
-tT9tFyFSKA,15381,85,5,0,8
jtGYI9H2DCc,37390,190,23,0,15
_2AqkIL0Obs,5800,80,1,0,5
2oMuASFTAiE,18557,93,23,0,9
-1q-1RrZE00,16606,92,53,0,12
Z372QFk9r00,12935,85,7,0,6
KRWb5bt8u8M,56308,365,19,0,9
gfbWP0qNsBg,23586,92,11,0,8
UTNSNGy0PGs,26351,179,19,0,13
45AZslZzMiQ,39541,268,24,0,19
GiccvaMjfvw,11001,58,12,0,6
cjTV2c91j8Y,3186,17,8,0,3
0MQis5OZYyQ,3186,25,0,0,0
nnb05kuMfbo,1758,5,1,0,0
EF7bwjbsxvo,8353,61,4,0,6
TAz9vzHfcEU,6729,32,9,0,2
csZ9ECCh-OE,9820,51,4,0,1
XPkeBH_Ox8c,74474,262,27,0,20
R0qysBqGMCk,37197,89,32,0,12
E9TL4AgMzbc,114488,419,58,0,18
kDU8uxZQ6XY,8961,24,2,0,2
34TQd590oS0,18760,61,12,0,4
IWw9dS5dJ7A,6920,32,1,0,4
wei_M6OeAiY,20709,93,6,0,3
mvwwFXLKttQ,25694,120,4,0,21
XMBtl7Gzmqg,66537,541,23,0,33
8_L3rV9hDOE,80487,618,75,0,52
kuYDcGIsHwo,86095,813,41,0,38
ODG7PqIVwNg,110525,541,192,0,76
4IXfrfvFUgI,47996,260,39,0,33
bFTJvx5RjAw,61043,260,27,0,25
wtvlyFDx63o,249916,1183,63,0,136
XSZYdTgMMp8,51145,193,29,0,46
JIFVHPdSjIE,83969,617,49,0,72
ySfYo4wxYoM,124086,503,61,0,47
O2afN6p84bY,9612,53,2,0,3
k19rVsz-WCA,27058,126,47,0,14
txX_bjprE_k,9044,39,2,0,2
N6ElxJ8fs7M,11449,45,5,0,3
6DYpb-FJ-FU,18124,85,11,0,18
OklmAuRi2SQ,21617,93,3,0,8
I1VeWysrED0,36828,131,5,0,11
Uitb0EHh2a0,195278,685,131,0,57
MP1KfHYgyv4,149983,1073,94,0,90
xKyL1OO47Ls,307770,1753,223,0,199
k3u9Yc3FXUg,8216,73,5,0,3
URLadxLnVZY,96006,544,44,0,37
w8xndy5F7_8,17831,93,9,0,7
uqzpT81DKZY,60009,274,61,0,19
FQI6O-SVKew,2510,10,2,0,1
gE884bWxvUY,7051,16,4,0,3
5dE2Fa3mqWw,11125,76,17,0,3
4kUN04pGE5o,9221,72,7,0,9
RzV8WVQSjJA,26039,176,17,0,10
Si4E6VRz9h0,15489,169,14,0,9
hR8Xw098rdc,316360,2605,155,0,165
jgFAfjUnhEw,2554,30,0,0,4
Q9VtQCY4CS0,2011,10,1,0,0
65ohYrGSYlU,3890,19,4,0,2
IYhJHdZBTvU,5367,11,1,0,2
FUKmKxpjWKQ,3837,20,2,0,1
LAhsGyFujxc,14388,80,13,0,11
7hHl0Dqg2zk,25593,103,9,0,10
Zzyh01ye1Pk,19231,96,8,0,14
4q4ztHiL_cE,58875,245,40,0,19
mspaFU3pOKI,219830,841,97,0,64
0l_yuSA6QPM,4728,30,9,0,2
6R_aS5lcZm4,9377,19,4,0,1
404DX3cnpaY,75684,240,50,0,22
b-E_FRZq_1U,25524,146,7,0,25
GicHvMzQHks,91796,532,57,0,25
dtGjNp0WpOU,26198,201,21,0,22
o0mZylmwuC0,18303,154,14,0,10
HXXJ8S1eg_A,20975,149,10,0,14
1WvjpPNQH58,37944,150,17,0,6
mCQdNCquKsY,26476,69,11,0,14
zgx-DxFxYsg,206341,684,151,0,73
hKpIyllWHcQ,34535,154,7,0,10
62BsIQjbkUo,6797,56,1,0,5
0TiH5ZakojY,29815,139,26,0,19
0gy4RJhDZl0,30490,72,6,0,5
8hVnSn_ZB1w,13709,77,6,0,3
0_aRe5qLpH0,48457,185,53,0,9
znwRIZOk3yo,107486,350,93,0,37
9IkrgCboL1k,2277,12,1,0,1
TsdtghqEuoM,2519,18,0,0,3
8hLs2X9VpiI,136208,428,94,0,38
P9G67cRk9vs,86896,324,32,0,22
wcLmaFEf_DA,138787,580,75,0,39
Uemw_Ec-IM0,230450,913,94,0,39
jCyELlhbYaY,8109,41,3,0,3
xJUFLG-Qxoc,27813,92,27,0,5
S0TqWVVhIDw,36823,253,37,0,7
oN9iyLKt5g8,30382,86,22,0,8
jxoTp1JVGtI,18925,81,19,0,6
FyTOPDkVkBw,24519,87,25,0,9
8Tj4iRpxlh8,56023,227,36,0,25
fQootvigyeg,34881,204,10,0,9
SVoq7BVARvA,77266,783,31,0,39
vYo3Ekt0F98,135234,64,12,0,2
iTaOnuz11v4,26989,188,8,0,11
FvRSLcoG2og,28785,148,38,0,13
F1DVFLmbDNk,255440,1076,94,0,86
ELp0s2txH40,173373,966,57,0,68
ZXEUXk43UW4,63603,339,30,0,17
N0kE2KX4X9g,63281,361,30,0,21
Z9EJ0sCDgOE,142614,844,126,0,92
Q9o8sZ8m4II,431433,2543,148,0,138
KrXdiEb1iO8,19342,123,9,0,8
GBo6nwrtqXk,736,6,0,0,0
3ifqD_18DLU,47512,235,73,0,12
Z5wiSLs4y9k,76635,342,84,0,52
eAqKKDwmWdc,18826,47,39,0,10
5jNJVpxs10U,51621,328,12,0,15
MiHpezNEl_Q,327706,1468,81,0,89
x1tPgXS5R78,91613,649,26,0,62
ghttzYL5GfE,4383,13,2,0,6
7oIXwHAXzJw,895,11,0,0,3
9RNDRfzgqIg,16219,66,57,0,6
owqWXgf9alg,99878,296,14,0,47
ltQ76HsqnuU,68376,500,30,0,17
iwErGc3RWmM,40684,297,26,0,23
hHGZSIFeN7Q,35206,272,12,0,20
QfvrYT_fUdY,4818,72,6,0,4
K23gHMv3kXE,26504,116,14,0,10
aeQT46UXUew,21149,27,5,0,3
0HX2OgT9uPg,8557,59,0,0,4
IqxRybjAtbQ,34461,194,14,0,16
L0vkcoBiUnc,30815,224,20,0,15
8jqfKjOGIZg,85534,485,44,0,25
rhncH8juYBw,10355,64,4,0,4
4E_Qfk9WP0I,23530,279,8,0,26
0k7nHs9Wnj4,45185,295,12,0,47
38ywaqP4_ss,75049,527,26,0,40
Zf0Xl9_ES2s,17972,124,13,0,8
ORnbYfWRQag,17793,113,18,0,16
SDw1XKee7Hg,11752,294,6,0,25
8ylzMKA29vU,20045,208,6,0,8
F-NqztTggqg,2317,20,0,0,4
Lt3iqSPiypo,42645,267,47,0,37
dL8A7XiPFro,54490,371,27,0,12
EJoewkyB8KI,38589,262,13,0,8
CjqoOaDuu00,24792,484,8,0,28
MFcy1U0s4YY,18221,103,4,0,6
r2EdOijAqv4,8456,64,1,0,3
S1s2XeeyA-0,13191,91,7,0,5
si_xWbK8R9M,3974,24,2,0,2
K8NL2Rwv0u0,324494,1147,121,0,123
xY359UO5Oms,118379,527,58,0,56
Q3ejLYIvyqg,6491,32,4,0,2
N-de6gIzWdk,12360,40,1,0,4
hxHUyfl8ljI,39221,153,11,0,10
THXu4og0sWw,27467,177,14,0,7
quz0owrMK1Y,6865,103,2,0,5
4M6xSiWNJYE,13776,250,4,0,6
kKCl9kEi1wc,16184,340,1,0,20
Zndk1JWJQ3o,2427,24,0,0,4
on92e1DFa4Y,45705,277,28,0,43
wq0HWY-UcME,1840,12,0,0,2
elM0MHyezMM,1483,11,0,0,4
1pcNMncZ9r4,4095,28,0,0,0
p31ingNTT9k,149608,769,67,0,112
oJmECAYQmDU,27779,3,0,0,0
qBeh8l5H9H4,25595,129,6,0,10
vTlfz-dF8hY,19655,74,5,0,6
OQPv7Ddcrok,1222,11,0,0,3
3TG9eOj3v78,2703,27,0,0,2
Un-8n78s7Kw,3870,21,3,0,3
OgheCWiU7cQ,5827,29,0,0,2
moOHiow1dkE,5196,23,2,0,4
1RnCFKWEYnA,4948,15,3,0,9
wwEUdIgyNW0,12015,31,4,0,1
Q63uYbfzqek,2195,38,0,0,3
v0pPUyUW0wc,12155,302,5,0,12
59xoC6MMuls,1696,25,2,0,0
xaRVRAQjbhM,1388,12,0,0,1
3Y5W61cWbKw,2322,18,1,0,6
-MhaFgJNLoU,26433,253,17,0,20
Pf4YtKhUgqw,10403,18,1,0,3
FthWR2DlYPs,6172,46,2,0,3
QHATkVFtA9c,8811,80,3,0,3
O9XKALPfCW8,27274,187,8,0,8
DjRxiWsXAuI,66308,390,37,0,25
qWHYB8x4Plw,3249,45,1,0,4
pEli5aPKch4,10587,29,1,0,3
EnPrc_4jiq8,71543,175,16,0,29
_lsEhHCYqnw,114644,1089,20,0,71
32eO1yrg78k,73818,587,27,0,34
9FpkWkqCDV0,57979,306,30,0,21
f5p28UY76-I,88258,514,28,0,39
LaUDvoZa9ko,335627,3220,127,0,267
87CFUOysKfg,12837,43,4,0,6
rWzUkjlwmyo,61240,154,34,0,28
7SMJAq73WQ4,28067,103,18,0,8
yRTgTP4yRd4,133831,367,174,0,52
Mtw5-oW47u0,1161,10,1,0,1
xTjm0FJpz_8,1916,21,1,0,2
8nLxdeI3uaA,6427,39,2,0,8
aA_6CxOfOqk,531,2,0,0,3
5ZD4ZPMUj0k,35074,215,17,0,34
EAZF5OtIjhE,26975,110,9,0,23
4Wzv0e5S6Pc,28348,180,14,0,27
u4zSLIBWpP4,45115,223,11,0,33
RqsHAnGv8kA,2335,25,0,0,2
uycO5s6D5IA,19068,136,20,0,17
93Aqoe1smlU,3130,29,3,0,4
jit7-u4_-5c,4362,24,1,0,2
Em-97IdF2u8,1131,11,0,0,1
QjqrkrqWsxM,20490,93,9,0,8
2jsA_5fyxvw,6205,14,2,0,0
IvDii205FG4,8084,20,19,0,0
0KyJDamOegE,25665,53,8,0,10
lXjYzwRaWxY,18400,44,11,0,16
-Sug_-XSbeE,54690,219,40,0,25
ya4Q5mwIXA4,31884,205,26,0,23
Xe78vH1zWyQ,18376,156,14,0,15
4vU0ThHnBKc,34546,192,5,0,13
vxNx4nASKwU,38146,198,17,0,13
SMJDvQN7bcE,103363,291,130,0,25
l6QYawKqqZ4,2207,12,0,0,1
NQBMvyeJr6U,37654,181,36,0,15
hw5jIFi2Gv4,9437,81,0,0,7
S2v0VnekVGQ,30064,117,17,0,4
AaHllwCt6FQ,8128,26,2,0,6
hwFpna13oZg,24724,176,33,0,36
ZKWYkDnmBcE,15584,130,0,0,19
moT8l_yleok,21539,138,7,0,18
RFq6UEiQ3cU,2401,35,0,0,5
jzc6tzqNOFc,37763,244,12,0,22
pHXOM5xZC5s,21329,86,14,0,10
cRTNSnIW9gY,29415,140,15,0,11
nLPDFo0zYeg,6459,50,6,0,17
zJGS3ekkeKo,115408,696,39,0,43
iOKYrPxdUP0,54050,299,12,0,15
nx-ipu59jtU,73058,511,68,0,27
-Bn7thPEQc8,74913,645,20,0,42
1a8b4SgjFf0,1004,17,1,0,9
9XrNvChcLRM,4530,17,1,0,2
AbGo7qE1atY,3325,15,0,0,7
zJQELlKAw0c,9224,27,13,0,1
3_VZxuYBKBY,16735,81,9,0,7
tmiL8AVcwSQ,15537,19,1,0,6
00LKhsrz_nU,798,2,0,0,1
p3Oa6-xF9N4,7813,9,2,0,2
HUk3p7dm2nA,2195,10,0,0,1
Y_CDKr32Xrs,4717,17,2,0,5
w4-f-zii5ns,7954,21,2,0,1
bU51QbNOh6U,14701,32,10,0,2
un1pj07tWT4,2111,9,0,0,0
9kB9jxMqolI,608,4,0,0,0
lHHiDWOGL2Q,1204,0,0,0,0
W9M9up1nBNw,2509,0,0,0,0
vLC2UtxiE3Q,26831,1,0,0,0
7OEB-TVN9PI,17047,37,4,0,2
5OFr30Qedos,63928,261,38,0,15
gtn22OyQ71I,31496,63,3,0,7
emjucbFp4mo,112849,710,58,0,50
cvL5w3lJXoU,7337,68,1,0,1
yvlYKZuI9W4,29395,50,10,0,2
eXhPtQGXlIg,18642,17,4,0,1
5LI3j9VqMLk,282344,1875,172,0,142
2NQIHd7CB18,3173,19,5,0,5
vaaGe-2dX1E,2186,18,1,0,2
DjIMSvEC2DA,3202,8,3,0,3
yepAffNS8p8,51110,95,30,0,5
dBsK1LBmVQg,19408,118,10,0,7
wdA5hIHemMA,18599,79,7,0,6
palGf74Yh5I,15685,58,10,0,6
e_W1nO97TIc,18823,89,12,0,6
n-KCcG4qrjQ,45401,225,26,0,26
H8V7LcDdSk0,48379,316,19,0,11
1AO-ZFDCoG0,10147,48,5,0,5
Dqf8KscT5OA,31229,229,19,0,15
lmyTMeoJsnE,47712,135,24,0,5
l46sHCxk1Gw,43782,156,21,0,13
C6rc1gq2MiY,33271,96,12,0,15
PV4SIobZbPQ,48504,209,8,0,19
ky9L5vIX0jA,26942,132,2,0,16
dUbhCzc1OPI,5929,28,4,0,2
2y2CsxUGU8s,6414,21,1,0,5
YU-WY_H50iU,10686,43,8,0,5
-JF3nd7JGH4,24743,106,4,0,3
p0_GqAMYNBE,26224,96,12,0,16
yhChkh1VLwY,37982,124,17,0,18
M1g5SLpBCco,18547,137,4,0,15
AYTw_RdTuec,4394,44,0,0,7
bSRg6G6wik8,2794,17,1,0,1
LHb1WTMg41Q,2805,9,1,0,3
4vX0Wp3vkGo,3547,18,1,0,4
HKrOlkRPbKI,4179,22,1,0,2
jSTodkiEoWg,7504,54,4,0,8
NHA-mhsQTTg,12567,138,6,0,11
mUgjhT8l3A0,1622,8,1,0,1
A4buzY72xio,9099,22,4,0,2
Ans9yM9xKL0,197157,1087,93,0,88
zSVZddalAcY,13998,133,1,0,20
O_uHfPWEL74,19872,92,8,0,15
CK8AuVOlOL0,37510,330,12,0,45
a82-aYiyOHQ,25062,124,24,0,22
sfJtriQtHaI,87989,434,38,0,46
EuBIuLXkglQ,16864,105,8,0,8
2nWSW3SA-no,218329,878,79,0,112
lekw3MgIr20,16124,42,3,0,5
JzIV7PMX004,19984,54,8,0,11
yK3bUDeDKqY,37312,66,23,0,20
8pPKysgdcmI,33743,65,30,0,12
de3XsF3Ic4g,34317,73,8,0,10
ENZfTEPWXn4,30833,103,51,0,20
PnYluXeNa6Q,5003,56,1,0,5
kdT2dJrdXVo,4713,20,0,0,1
sPTz1GyQVD4,11385,37,17,0,15
rm3lYMy3yKs,808,5,0,0,0
T9sayf5jlEA,49599,242,22,0,58
rMIRcTf0mUU,50284,172,8,0,52
Lsj0Yy2zbeE,117607,955,33,0,84
-xjJHlattmo,21543,85,12,0,13
1guHeST6Tzo,14793,50,7,0,6
N1lws0Ns5Ec,26226,106,6,0,15
F1hn3KzZi-U,8024,18,10,0,2
psRKyyHVe_8,203144,1447,98,0,248
J5ixUmioRyM,23854,238,11,0,23
WcKdulG7LBc,27576,267,12,0,19
I3M3aVCzftI,37870,142,27,0,45
UKttZ1xlQGE,53287,254,17,0,27
1kXxuDuoS1Q,54112,271,3,0,30
WHGrgyKhleA,92058,227,51,0,28
n3HaTXHk1vY,69808,229,15,0,18
JwfJ8Gl6CLw,108508,545,17,0,52
wlfyxKlZRBM,30,1,0,0,2
a5p1ZDulfqs,11237,40,5,0,7
JTmAOs_-_ts,44290,406,31,0,28
1LIF5jOUcF4,14933,28,7,0,7
C7_6R6SbI48,965,1,0,0,1
D5WodSzBbkE,932,3,0,0,1
WMn9UkXnzMM,7734,34,3,0,10
IXmCycsSGBw,6245,37,2,0,3
T00R8jv5VI0,4502,21,3,0,2
IGJReRvZ60Q,6685,12,17,0,2
hUC2M3Bzmh4,8251,10,11,0,2
Jvql5slmcZo,8400,25,2,0,4
_pAnRc1vKqY,18468,84,6,0,7
toGd0ySt8nM,29559,115,7,0,18
mNoZDrQQUQ8,3,0,0,0,0
ECDQxYZP4IQ,15,0,0,0,0
swPrC_KoNZM,90763,249,20,0,26
0kZboBzKz2I,52472,158,47,0,17
Ufyuaxvn44Y,3702,15,3,0,1
fVsyAX-SR1E,38057,64,6,0,9
O78Yqv1mVC0,61069,108,12,0,15
eAMGXzAEAMc,54937,300,20,0,24
CETUNHozCao,10721,17,2,0,0
PTEiToudt7I,57446,35,8,0,10
C6Tx7dT76f0,173379,638,54,0,49
q7LmupmWd6Q,114791,390,22,0,39
NcVaobiIVe4,106903,253,22,0,26
Na-6a7MkfB0,15511,40,2,0,4
bL2eUtKIjpg,23014,116,4,0,7
vCHXf4AtHDM,40159,137,33,0,11
GoVmZTNdnbQ,74888,313,41,0,38
jdeZZSaWsLs,17382,43,3,0,2
NEv3S9Iz3ns,66279,258,12,0,49
2VLJ4O972iA,56479,264,29,0,44
erQoqA9TH9w,48711,185,13,0,30
59wYaIo9E1U,21130,62,15,0,4
NnhvbuahWtg,28666,57,5,0,8
37VtH0BvDKM,31867,71,2,0,4
lqH-ZyKP1uQ,38935,74,4,0,7
hBrnLlouwes,145482,224,29,0,41
Y2rJ7bhHJAI,5701,20,1,0,0
WJkeSNnHw1M,70485,102,24,0,11
906Xu336pSg,27576,102,5,0,10
z-NNuyVrCDk,34759,152,6,0,14
7Kvc0OmYdws,5489,7,0,0,1
vMYaG76FxRY,3727,6,0,0,2
kWIpxVFr35o,5860,11,1,0,0
Dghy1yuQogM,11425,15,1,0,4
kJgpJf0k08A,5826,14,0,0,5
XsP_98RMkqE,7346,9,3,0,9
li-gZO73Snw,42321,48,4,0,9
NTBp8LxkO1s,26969,114,10,0,9
E2ygZ7WG3x0,1918,4,0,0,0
IaUNGWixRts,1730,1,0,0,0
iCGmBXU8_-M,2134,6,1,0,2
IB0gpB0hxoU,2567,3,0,0,0
mTLm3dSmToU,2789,3,1,0,0
5AUW_bBeRDw,17438,78,7,0,10
x__EUowQsNI,30994,100,3,0,20
mpKJb8KQ73Y,5854,14,3,0,2
sXCJyT9SAAw,45236,135,25,0,32
_cVKho9_Bx8,42108,171,6,0,30
zWnHoEwOafw,13627,29,5,0,5
wE3KUSc6lng,11027,13,3,0,3
d8jaeidSh4k,12290,15,4,0,0
Vd9XU_dpMoU,21437,37,2,0,7
j9mwOxigQ6A,24709,34,8,0,3
VOTMJRj6TFk,69161,94,13,0,14
LHejbm-R3IA,19839,34,31,0,5
XLYZUj9_1hA,78908,375,16,0,35
nM0gAZstj08,41776,104,93,0,6
1W2SBMzlVYc,26369,33,4,0,6
QwAgIWikGwk,20969,90,5,0,10
WcCN1srJHhE,9633,4,1,0,1
CNbMRNOnDxo,2131,6,0,0,0
EPv_P_jgMNI,2016,4,0,0,0
vjcFeChS53Y,5027,1,0,0,2
rZdNPYOONts,22081,21,17,0,2
wR7Y8q8YQ5c,6636,10,0,0,1
1bi3B3JuJTU,16836,30,7,0,2
kr3M_PQXhSc,15368,62,9,0,8
UVC5SC6lJPw,8107,22,4,0,0
9FnDluTyjbE,1959,6,0,0,1
X6xP0ZC-EF0,47950,59,11,0,7
1P370WtRnfw,48816,69,25,0,15
Nn4vpyQJ-z4,4754,14,2,0,3
ao7WQ9PlONM,19923,24,5,0,5
eECoSOiakIE,2606,6,0,0,1
rl_Vh4TCVZo,26671,28,2,0,3
6snJKG7d34c,998,6,1,0,0
HrMqzHnvb_U,18964,40,55,0,4
i2O6HxC83aE,13800,53,2,0,4
I3HVZOVwhKU,11796,33,5,0,9
9GtZgCiHQic,15652,35,13,0,7
hrT2d1qsPpc,40189,252,21,0,22
ipFawEkv6GI,88843,413,29,0,30
0SkiPVm8Vyg,4024,18,0,0,2
a5WFxx-nRRQ,69283,242,32,0,26
e7XDtxQQs7M,20090,73,4,0,19
UUbviVYvUDM,17538,61,4,0,7
OJohEnSqcfA,24496,57,6,0,14
0sFpPcrrs2I,56130,105,9,0,21
JlcJ6bWQOH4,23625,65,8,0,15
BJGyR3u-xWc,16173,28,0,0,9
4Km7dCVTST4,57171,306,11,0,24
PkI2f1TP2-Y,57559,133,33,0,32
dmLOnKXIouI,94183,286,25,0,29
H0WhkEqGqZQ,9555,19,11,0,4
OHMLK9QF_bY,34395,105,50,0,13
Ya4aHekr8E0,152,1,0,0,0
kAVAnrxI5ss,383,4,0,0,0
bDvNuj9b8Sg,2,0,0,0,0
68HrrAsE8GI,3,0,0,0,0
KTrO_CYnsCw,168510,750,57,0,85
6USuC58PvdM,64981,215,13,0,16
Fqn5js0gWRM,148340,646,27,0,57
GiOi9QbebKo,52508,327,12,0,39
6Nf0m3GB-P8,41733,284,6,0,12
lsLkf2i8KAc,54889,337,7,0,36
2T6MBrkDnpw,10970,8,1,0,3
0SAjFcoZcGE,112541,830,9,0,52
bMkzXhyaLm0,135829,982,17,0,49
Mlobjqytjjg,146645,821,12,0,84
njmv9ZP_mqk,278279,1756,64,0,139
86pot19atMs,169452,1281,28,0,59
QjsoFEU1rR4,348102,1633,84,0,103
hfnj3JWSRFo,89352,303,23,0,60
v4hobyDhX4s,198210,660,36,0,93
pcGidaZbiCQ,42190,171,7,0,53
jrFjZdQ57Ww,76967,313,13,0,31
8wGIsvZiSdQ,52768,474,1,0,77
Eu42dT6QVj4,68263,402,3,0,34
aWGsjvbJSnk,94332,394,8,0,85
E8XmJtKITO8,143364,791,19,0,69
65vVBWMLy50,45915,180,1,0,29
TztJWxj7mgw,137075,340,18,0,34
wAD9LHuWx8A,19924,64,1,0,20
AMHGEM24KDY,34759,74,3,0,7
0DJwT-kE-1I,74110,221,19,0,19
sSJZHJlmdnA,173286,555,75,0,82
emjiDfIy5pw,13017,49,2,0,6
rLO2_WSNk3g,47369,134,9,0,19
R815KgIEurw,37124,154,17,0,24
tiN_J9Fn4Bg,56340,237,4,0,43
bKGCity6dr8,198742,513,20,0,54
d4nJb51N_L4,309374,1066,129,0,167
qiMCi_Ps1eM,173641,722,41,0,93
2HVlliiyjj0,383669,837,92,0,64
vmNG0yX4JjM,153893,565,9,0,37
P8QHsN-dS1s,474226,2328,81,0,182
4VCItSuW-0g,36868,58,0,0,28
bFH2jMIpVgo,31088,50,3,0,6
Ke3HtHytkNU,47276,68,4,0,20
ofL8L4myH-0,137927,289,26,0,77
AIvcv-Xd8s0,6909,19,1,0,4
26KcMTGg4E8,6293,21,2,0,6
qX5Hjh2nnW8,8049,35,0,0,3
ddg5ZPPTDmU,14767,40,2,0,4
CtKpB4qIMj0,27539,80,2,0,15
jCOMwH2Kphw,33154,103,6,0,10
FhniK5EBOWs,7062,18,0,0,2
iYfXMu4vl-k,9828,30,0,0,1
J4gzkY3cuWc,25011,104,14,0,7
cdE7R3XWu70,17339,67,4,0,6
gwmFogzeAK8,16818,97,2,0,7
3B4EeF82qmw,17230,83,0,0,3
XUqxbybcUjQ,28516,112,6,0,5
ifykoqLgpn4,51059,153,12,0,7
lwyRp2k3JqU,38540,147,0,0,18
ykw32ooDhdU,24526,108,4,0,32
lOq5dRDFWNI,33342,158,1,0,23
haBLD96vlE8,44997,152,2,0,13
p45b0I-7NYA,55466,266,5,0,33
wNu80ZvG2JE,181864,503,25,0,59
Q7dClG5_xyo,92370,441,46,0,32
qQHgSbNImZ8,95076,198,26,0,29
Rx-8uYVYiyE,90463,277,18,0,22
y2VtAWejht8,3454,8,0,0,1
F25YXEk_WrQ,10350,16,4,0,1
_ZEuaGf0jpU,27005,102,10,0,4
gLuAw_L3hlA,30111,112,1,0,18
5lBsbXKD6gA,85600,360,8,0,21
hgjTy3Kr-9Y,59831,85,10,0,18
NHlNnlKtYcE,21574,28,0,0,12
Wja2xSlek74,7048,9,2,0,5
f-JGnRTwmtU,15721,28,4,0,3
pgXkBdcARz4,1060,9,0,0,1
4Z7uRiAhcsM,5970,3,1,0,6
S8CPPg72Lqc,761,7,1,0,1
Yuni7gNVglM,1655,3,1,0,0
lVRzL12p-SA,6133,19,4,0,9
